{
    "rmse": 0.7469137139056972,
    "mae": 0.6136530335271758,
    "r2_score": 0.05279494711931465
}