{
    "rmse": 0.7420697478140226,
    "mae": 0.6141687473988231,
    "r2_score": 0.03204269011129446
}