{
    "rmse": 0.7634858611938713,
    "mae": 0.6232126037294082,
    "r2_score": 0.042275844000434604
}