{
    "rmse": 0.7325754548958127,
    "mae": 0.5980915703293821,
    "r2_score": 0.05665299073626939
}